EmployeeId,Attrition,Predicted,Probability
733,0.0,1,0.789032763250919
759,0.0,1,0.7578631233018107
98,0.0,1,0.7237009061940033
1104,0.0,1,0.7237009061940033
1250,0.0,0,0.6867113046463347
911,0.0,0,0.6055340820071298
744,0.0,0,0.6055340820071298
1214,0.0,0,0.5180839453408287
1247,0.0,0,0.47359009392565415
853,0.0,0,0.47359009392565415
1343,0.0,0,0.47359009392565415
1295,0.0,0,0.4295117657361261
731,0.0,0,0.3452342946862087
660,0.0,0,0.3452342946862087
612,0.0,0,0.3452342946862087
27,0.0,0,0.3452342946862087
94,0.0,0,0.3061544765450619
1066,0.0,0,0.3061544765450619
202,0.0,0,0.3061544765450619
908,0.0,0,0.3061544765450619
520,0.0,0,0.26967641493650196
511,0.0,0,0.26967641493650196
1364,0.0,0,0.26967641493650196
1229,0.0,0,0.2360659397817704
601,0.0,0,0.2360659397817704
502,0.0,0,0.2360659397817704
1173,0.0,0,0.2360659397817704
974,0.0,0,0.2360659397817704
562,0.0,0,0.2360659397817704
616,0.0,0,0.20546592250036422
865,0.0,0,0.20546592250036422
873,0.0,0,0.17790868527404824
284,0.0,0,0.17790868527404824
641,0.0,0,0.17790868527404824
541,0.0,0,0.17790868527404824
920,0.0,0,0.17790868527404824
324,0.0,0,0.1533341679425176
504,0.0,0,0.1533341679425176
1,0.0,0,0.1533341679425176
252,0.0,0,0.13161069694346036
159,0.0,0,0.13161069694346036
1032,0.0,0,0.11255573487060906
1050,0.0,0,0.11255573487060906
375,0.0,0,0.11255573487060906
982,0.0,0,0.11255573487060906
1360,0.0,0,0.11255573487060906
643,0.0,0,0.11255573487060906
524,0.0,0,0.09595475953181677
765,0.0,0,0.09595475953181677
776,0.0,0,0.09595475953181677
1009,0.0,0,0.09595475953181677
817,0.0,0,0.08157720618749222
916,0.0,0,0.08157720618749222
462,0.0,0,0.06918906585113326
289,0.0,0,0.06918906585113326
1274,0.0,0,0.06918906585113326
530,0.0,0,0.06918906585113326
475,0.0,0,0.05856220709956034
1148,0.0,0,0.05856220709956034
1069,0.0,0,0.05856220709956034
799,0.0,0,0.05856220709956034
1312,0.0,0,0.05856220709956034
548,0.0,0,0.05856220709956034
973,0.0,0,0.05856220709956034
639,0.0,0,0.05856220709956034
624,0.0,0,0.04948077893299901
717,0.0,0,0.04948077893299901
650,0.0,0,0.04948077893299901
155,0.0,0,0.04948077893299901
921,0.0,0,0.04948077893299901
719,0.0,0,0.041745190633294876
596,0.0,0,0.041745190633294876
1033,0.0,0,0.041745190633294876
1171,0.0,0,0.041745190633294876
160,0.0,0,0.041745190633294876
898,0.0,0,0.041745190633294876
870,0.0,0,0.041745190633294876
455,0.0,0,0.03517419510578615
1262,0.0,0,0.03517419510578615
1440,0.0,0,0.03517419510578615
620,0.0,0,0.03517419510578615
772,0.0,0,0.03517419510578615
972,0.0,0,0.03517419510578615
449,0.0,0,0.03517419510578615
479,0.0,0,0.029605566199111377
750,0.0,0,0.029605566199111377
1100,0.0,0,0.029605566199111377
1252,0.0,0,0.029605566199111377
838,0.0,0,0.029605566199111377
238,0.0,0,0.029605566199111377
1420,0.0,0,0.029605566199111377
1318,0.0,0,0.029605566199111377
489,0.0,0,0.029605566199111377
273,0.0,0,0.029605566199111377
1463,0.0,0,0.029605566199111377
545,0.0,0,0.029605566199111377
518,0.0,0,0.029605566199111377
1249,0.0,0,0.029605566199111377
440,0.0,0,0.024895790603350433
1064,0.0,0,0.024895790603350433
893,0.0,0,0.024895790603350433
891,0.0,0,0.024895790603350433
6,0.0,0,0.024895790603350433
1335,0.0,0,0.024895790603350433
1248,0.0,0,0.024895790603350433
732,0.0,0,0.024895790603350433
809,0.0,0,0.024895790603350433
905,0.0,0,0.024895790603350433
1077,0.0,0,0.024895790603350433
794,0.0,0,0.020919113696048708
1369,0.0,0,0.020919113696048708
1329,0.0,0,0.020919113696048708
1466,0.0,0,0.020919113696048708
154,0.0,0,0.020919113696048708
341,0.0,0,0.020919113696048708
1103,0.0,0,0.020919113696048708
897,0.0,0,0.020919113696048708
902,0.0,0,0.020919113696048708
775,0.0,0,0.020919113696048708
671,0.0,0,0.020919113696048708
1001,0.0,0,0.020919113696048708
125,0.0,0,0.020919113696048708
82,0.0,0,0.017566199894000364
1358,0.0,0,0.017566199894000364
439,0.0,0,0.017566199894000364
929,0.0,0,0.017566199894000364
953,0.0,0,0.017566199894000364
523,0.0,0,0.017566199894000364
882,0.0,0,0.017566199894000364
1081,0.0,0,0.017566199894000364
646,0.0,0,0.017566199894000364
903,0.0,0,0.01474259881661688
303,0.0,0,0.01474259881661688
307,0.0,0,0.01474259881661688
1352,0.0,0,0.01474259881661688
1141,0.0,0,0.01474259881661688
957,0.0,0,0.01474259881661688
588,0.0,0,0.01474259881661688
1054,0.0,0,0.01474259881661688
410,0.0,0,0.01474259881661688
752,0.0,0,0.01474259881661688
866,0.0,0,0.01474259881661688
437,0.0,0,0.01474259881661688
1008,0.0,0,0.01474259881661688
1321,0.0,0,0.01474259881661688
1397,0.0,0,0.01236715159282702
718,0.0,0,0.01236715159282702
1210,0.0,0,0.01236715159282702
74,0.0,0,0.01236715159282702
1114,0.0,0,0.01236715159282702
1346,0.0,0,0.01236715159282702
90,0.0,0,0.01236715159282702
1276,0.0,0,0.01236715159282702
1398,0.0,0,0.01236715159282702
689,0.0,0,0.01236715159282702
600,0.0,0,0.01236715159282702
112,0.0,0,0.01236715159282702
1167,0.0,0,0.01236715159282702
129,0.0,0,0.01236715159282702
707,0.0,0,0.01236715159282702
1386,0.0,0,0.01236715159282702
879,0.0,0,0.01236715159282702
398,0.0,0,0.01236715159282702
228,0.0,0,0.01236715159282702
734,0.0,0,0.010370427024948767
359,0.0,0,0.010370427024948767
1240,0.0,0,0.010370427024948767
261,0.0,0,0.010370427024948767
692,0.0,0,0.010370427024948767
1227,0.0,0,0.010370427024948767
561,0.0,0,0.010370427024948767
648,0.0,0,0.010370427024948767
742,0.0,0,0.010370427024948767
757,0.0,0,0.010370427024948767
583,0.0,0,0.010370427024948767
923,0.0,0,0.010370427024948767
917,0.0,0,0.010370427024948767
326,0.0,0,0.010370427024948767
424,0.0,0,0.010370427024948767
408,0.0,0,0.010370427024948767
829,0.0,0,0.010370427024948767
705,0.0,0,0.010370427024948767
67,0.0,0,0.010370427024948767
167,0.0,0,0.010370427024948767
1107,0.0,0,0.010370427024948767
1058,0.0,0,0.010370427024948767
798,0.0,0,0.008693243767442857
861,0.0,0,0.008693243767442857
1254,0.0,0,0.008693243767442857
756,0.0,0,0.008693243767442857
1392,0.0,0,0.008693243767442857
1169,0.0,0,0.008693243767442857
1306,0.0,0,0.008693243767442857
847,0.0,0,0.008693243767442857
482,0.0,0,0.008693243767442857
41,0.0,0,0.008693243767442857
397,0.0,0,0.008693243767442857
1356,0.0,0,0.008693243767442857
388,0.0,0,0.008693243767442857
62,0.0,0,0.008693243767442857
487,0.0,0,0.008693243767442857
1412,0.0,0,0.008693243767442857
315,0.0,0,0.008693243767442857
885,0.0,0,0.008693243767442857
1442,0.0,0,0.008693243767442857
892,0.0,0,0.008693243767442857
966,0.0,0,0.008693243767442857
216,0.0,0,0.008693243767442857
343,0.0,0,0.008693243767442857
7,0.0,0,0.008693243767442857
607,0.0,0,0.008693243767442857
491,0.0,0,0.007285310344577966
332,0.0,0,0.007285310344577966
350,0.0,0,0.007285310344577966
457,0.0,0,0.007285310344577966
862,0.0,0,0.007285310344577966
1125,0.0,0,0.007285310344577966
797,0.0,0,0.007285310344577966
399,0.0,0,0.007285310344577966
305,0.0,0,0.007285310344577966
390,0.0,0,0.007285310344577966
1316,0.0,0,0.007285310344577966
1161,0.0,0,0.007285310344577966
346,0.0,0,0.007285310344577966
164,0.0,0,0.007285310344577966
1347,0.0,0,0.007285310344577966
1409,0.0,0,0.007285310344577966
1453,0.0,0,0.007285310344577966
1047,0.0,0,0.007285310344577966
1207,0.0,0,0.007285310344577966
1080,0.0,0,0.007285310344577966
248,0.0,0,0.007285310344577966
242,0.0,0,0.007285310344577966
52,0.0,0,0.007285310344577966
75,0.0,0,0.007285310344577966
1383,0.0,0,0.007285310344577966
706,0.0,0,0.007285310344577966
1153,0.0,0,0.006103997807463866
1138,0.0,0,0.006103997807463866
13,0.0,0,0.006103997807463866
352,0.0,0,0.006103997807463866
323,0.0,0,0.006103997807463866
380,0.0,0,0.006103997807463866
1241,0.0,0,0.006103997807463866
662,0.0,0,0.006103997807463866
392,0.0,0,0.006103997807463866
48,0.0,0,0.006103997807463866
995,0.0,0,0.006103997807463866
1087,0.0,0,0.006103997807463866
1134,0.0,0,0.006103997807463866
288,0.0,0,0.006103997807463866
201,0.0,0,0.006103997807463866
76,0.0,0,0.006103997807463866
837,0.0,0,0.006103997807463866
946,0.0,0,0.006103997807463866
1425,0.0,0,0.006103997807463866
947,0.0,0,0.006103997807463866
1178,0.0,0,0.006103997807463866
967,0.0,0,0.006103997807463866
144,0.0,0,0.005113248382146111
766,0.0,0,0.005113248382146111
1003,0.0,0,0.005113248382146111
690,0.0,0,0.005113248382146111
1093,0.0,0,0.005113248382146111
1429,0.0,0,0.005113248382146111
347,0.0,0,0.005113248382146111
1196,0.0,0,0.005113248382146111
1190,0.0,0,0.005113248382146111
1237,0.0,0,0.005113248382146111
1128,0.0,0,0.005113248382146111
1298,0.0,0,0.005113248382146111
1101,0.0,0,0.005113248382146111
1320,0.0,0,0.005113248382146111
47,0.0,0,0.005113248382146111
594,0.0,0,0.005113248382146111
681,0.0,0,0.005113248382146111
992,0.0,0,0.005113248382146111
445,0.0,0,0.005113248382146111
625,0.0,0,0.005113248382146111
1291,0.0,0,0.005113248382146111
850,0.0,0,0.005113248382146111
470,0.0,0,0.005113248382146111
1256,0.0,0,0.005113248382146111
29,0.0,0,0.005113248382146111
378,0.0,0,0.005113248382146111
1385,0.0,0,0.005113248382146111
1349,0.0,0,0.005113248382146111
1394,0.0,0,0.005113248382146111
227,0.0,0,0.005113248382146111
267,0.0,0,0.005113248382146111
297,0.0,0,0.005113248382146111
220,0.0,0,0.005113248382146111
254,0.0,0,0.005113248382146111
478,0.0,0,0.004282616127254588
886,0.0,0,0.004282616127254588
991,0.0,0,0.004282616127254588
709,0.0,0,0.004282616127254588
371,0.0,0,0.004282616127254588
711,0.0,0,0.004282616127254588
396,0.0,0,0.004282616127254588
1293,0.0,0,0.004282616127254588
1016,0.0,0,0.004282616127254588
122,0.0,0,0.004282616127254588
362,0.0,0,0.004282616127254588
454,0.0,0,0.004282616127254588
1294,0.0,0,0.004282616127254588
1390,0.0,0,0.004282616127254588
123,0.0,0,0.004282616127254588
1166,0.0,0,0.004282616127254588
384,0.0,0,0.004282616127254588
386,0.0,0,0.004282616127254588
127,0.0,0,0.004282616127254588
975,0.0,0,0.004282616127254588
389,0.0,0,0.004282616127254588
743,0.0,0,0.004282616127254588
214,0.0,0,0.004282616127254588
15,0.0,0,0.004282616127254588
304,0.0,0,0.004282616127254588
425,0.0,0,0.004282616127254588
1204,0.0,0,0.004282616127254588
543,0.0,0,0.004282616127254588
701,0.0,0,0.004282616127254588
1140,0.0,0,0.004282616127254588
198,0.0,0,0.004282616127254588
35,0.0,0,0.004282616127254588
87,0.0,0,0.004282616127254588
1041,0.0,0,0.004282616127254588
99,0.0,0,0.004282616127254588
814,0.0,0,0.004282616127254588
918,0.0,0,0.004282616127254588
1357,0.0,0,0.004282616127254588
969,0.0,0,0.004282616127254588
1074,0.0,0,0.004282616127254588
658,0.0,0,0.004282616127254588
354,0.0,0,0.004282616127254588
952,0.0,0,0.004282616127254588
1361,0.0,0,0.004282616127254588
1289,0.0,0,0.004282616127254588
942,0.0,0,0.004282616127254588
999,0.0,0,0.004282616127254588
1057,0.0,0,0.003586431236526586
869,0.0,0,0.003586431236526586
429,0.0,0,0.003586431236526586
223,0.0,0,0.003586431236526586
622,0.0,0,0.003586431236526586
959,0.0,0,0.003586431236526586
70,0.0,0,0.003586431236526586
730,0.0,0,0.003586431236526586
467,0.0,0,0.003586431236526586
871,0.0,0,0.003586431236526586
1078,0.0,0,0.003586431236526586
575,0.0,0,0.003586431236526586
970,0.0,0,0.003586431236526586
72,0.0,0,0.003586431236526586
1226,0.0,0,0.003586431236526586
196,0.0,0,0.003586431236526586
560,0.0,0,0.003586431236526586
559,0.0,0,0.003586431236526586
645,0.0,0,0.003586431236526586
183,0.0,0,0.003586431236526586
551,0.0,0,0.003586431236526586
180,0.0,0,0.003586431236526586
373,0.0,0,0.003586431236526586
348,0.0,0,0.003586431236526586
1313,0.0,0,0.003586431236526586
337,0.0,0,0.003586431236526586
979,0.0,0,0.003586431236526586
1051,0.0,0,0.003586431236526586
1131,0.0,0,0.003586431236526586
1330,0.0,0,0.003586431236526586
896,0.0,0,0.003586431236526586
1407,0.0,0,0.0030030772920762745
169,0.0,0,0.0030030772920762745
1353,0.0,0,0.0030030772920762745
494,0.0,0,0.0030030772920762745
1401,0.0,0,0.0030030772920762745
1439,0.0,0,0.0030030772920762745
584,0.0,0,0.0030030772920762745
382,0.0,0,0.0030030772920762745
280,0.0,0,0.0030030772920762745
413,0.0,0,0.0030030772920762745
1072,0.0,0,0.0030030772920762745
103,0.0,0,0.0030030772920762745
954,0.0,0,0.0030030772920762745
851,0.0,0,0.0030030772920762745
1292,0.0,0,0.0030030772920762745
333,0.0,0,0.0030030772920762745
506,0.0,0,0.0030030772920762745
472,0.0,0,0.0030030772920762745
1284,0.0,0,0.0030030772920762745
96,0.0,0,0.0030030772920762745
21,0.0,0,0.0030030772920762745
860,0.0,0,0.0030030772920762745
318,0.0,0,0.0030030772920762745
1268,0.0,0,0.0030030772920762745
64,0.0,0,0.0030030772920762745
83,0.0,0,0.0030030772920762745
1406,0.0,0,0.0030030772920762745
760,0.0,0,0.0030030772920762745
215,0.0,0,0.0030030772920762745
426,0.0,0,0.0030030772920762745
361,0.0,0,0.0030030772920762745
1239,0.0,0,0.0030030772920762745
1162,0.0,0,0.0030030772920762745
212,0.0,0,0.0030030772920762745
240,0.0,0,0.0030030772920762745
1408,0.0,0,0.0030030772920762745
208,0.0,0,0.0030030772920762745
1260,0.0,0,0.0030030772920762745
1123,0.0,0,0.0030030772920762745
306,0.0,0,0.0030030772920762745
1187,0.0,0,0.0030030772920762745
848,0.0,0,0.0030030772920762745
656,0.0,0,0.0025143698298035833
569,0.0,0,0.0025143698298035833
1184,0.0,0,0.0025143698298035833
1449,0.0,0,0.0025143698298035833
1059,0.0,0,0.0025143698298035833
627,0.0,0,0.0025143698298035833
104,0.0,0,0.0025143698298035833
614,0.0,0,0.0025143698298035833
1109,0.0,0,0.0025143698298035833
1034,0.0,0,0.0025143698298035833
806,0.0,0,0.0025143698298035833
557,0.0,0,0.0025143698298035833
619,0.0,0,0.0025143698298035833
939,0.0,0,0.0025143698298035833
1044,0.0,0,0.0025143698298035833
791,0.0,0,0.0025143698298035833
50,0.0,0,0.0025143698298035833
1129,0.0,0,0.0025143698298035833
685,0.0,0,0.0025143698298035833
451,0.0,0,0.0025143698298035833
591,0.0,0,0.0025143698298035833
579,0.0,0,0.0025143698298035833
376,0.0,0,0.0025143698298035833
245,0.0,0,0.0025143698298035833
1384,0.0,0,0.0025143698298035833
883,0.0,0,0.0025143698298035833
383,0.0,0,0.0025143698298035833
724,0.0,0,0.0025143698298035833
1261,0.0,0,0.0025143698298035833
723,0.0,0,0.0025143698298035833
960,0.0,0,0.0025143698298035833
428,0.0,0,0.0025143698298035833
1133,0.0,0,0.0025143698298035833
146,0.0,0,0.0025143698298035833
864,0.0,0,0.0025143698298035833
1448,0.0,0,0.0025143698298035833
602,0.0,0,0.0025143698298035833
887,0.0,0,0.0025143698298035833
1365,0.0,0,0.0025143698298035833
604,0.0,0,0.0025143698298035833
1172,0.0,0,0.0025143698298035833
193,0.0,0,0.0025143698298035833
481,0.0,0,0.0025143698298035833
1417,0.0,0,0.0025143698298035833
224,0.0,0,0.0025143698298035833
1147,0.0,0,0.0025143698298035833
209,0.0,0,0.0025143698298035833
1150,0.0,0,0.0025143698298035833
875,0.0,0,0.0025143698298035833
640,0.0,0,0.002105024532618889
943,0.0,0,0.002105024532618889
1387,0.0,0,0.002105024532618889
1206,0.0,0,0.002105024532618889
235,0.0,0,0.002105024532618889
243,0.0,0,0.002105024532618889
53,0.0,0,0.002105024532618889
1048,0.0,0,0.002105024532618889
1362,0.0,0,0.002105024532618889
236,0.0,0,0.002105024532618889
564,0.0,0,0.002105024532618889
1212,0.0,0,0.002105024532618889
43,0.0,0,0.002105024532618889
781,0.0,0,0.002105024532618889
941,0.0,0,0.002105024532618889
574,0.0,0,0.002105024532618889
1266,0.0,0,0.002105024532618889
450,0.0,0,0.002105024532618889
279,0.0,0,0.002105024532618889
1045,0.0,0,0.002105024532618889
863,0.0,0,0.002105024532618889
427,0.0,0,0.002105024532618889
1165,0.0,0,0.002105024532618889
421,0.0,0,0.002105024532618889
140,0.0,0,0.002105024532618889
880,0.0,0,0.002105024532618889
395,0.0,0,0.002105024532618889
1126,0.0,0,0.002105024532618889
377,0.0,0,0.002105024532618889
173,0.0,0,0.002105024532618889
884,0.0,0,0.002105024532618889
1342,0.0,0,0.002105024532618889
890,0.0,0,0.002105024532618889
152,0.0,0,0.002105024532618889
1094,0.0,0,0.002105024532618889
355,0.0,0,0.002105024532618889
1325,0.0,0,0.002105024532618889
322,0.0,0,0.002105024532618889
894,0.0,0,0.002105024532618889
703,0.0,0,0.002105024532618889
1327,0.0,0,0.002105024532618889
342,0.0,0,0.002105024532618889
161,0.0,0,0.002105024532618889
335,0.0,0,0.002105024532618889
642,0.0,0,0.002105024532618889
1300,0.0,0,0.002105024532618889
840,0.0,0,0.002105024532618889
114,0.0,0,0.002105024532618889
815,0.0,0,0.002105024532618889
654,0.0,0,0.002105024532618889
1029,0.0,0,0.002105024532618889
647,0.0,0,0.002105024532618889
1177,0.0,0,0.002105024532618889
933,0.0,0,0.002105024532618889
1427,0.0,0,0.002105024532618889
93,0.0,0,0.002105024532618889
1464,0.0,0,0.002105024532618889
4,0.0,0,0.002105024532618889
465,0.0,0,0.002105024532618889
1012,0.0,0,0.002105024532618889
1011,0.0,0,0.002105024532618889
452,0.0,0,0.002105024532618889
536,0.0,0,0.002105024532618889
32,0.0,0,0.0017622038750677534
699,0.0,0,0.0017622038750677534
1388,0.0,0,0.0017622038750677534
697,0.0,0,0.0017622038750677534
1230,0.0,0,0.0017622038750677534
24,0.0,0,0.0017622038750677534
649,0.0,0,0.0017622038750677534
653,0.0,0,0.0017622038750677534
958,0.0,0,0.0017622038750677534
728,0.0,0,0.0017622038750677534
667,0.0,0,0.0017622038750677534
1372,0.0,0,0.0017622038750677534
1084,0.0,0,0.0017622038750677534
751,0.0,0,0.0017622038750677534
1155,0.0,0,0.0017622038750677534
203,0.0,0,0.0017622038750677534
105,0.0,0,0.0017622038750677534
833,0.0,0,0.0017622038750677534
276,0.0,0,0.0017622038750677534
1367,0.0,0,0.0017622038750677534
926,0.0,0,0.0017622038750677534
849,0.0,0,0.0017622038750677534
1146,0.0,0,0.0017622038750677534
189,0.0,0,0.0017622038750677534
1351,0.0,0,0.0017622038750677534
188,0.0,0,0.0017622038750677534
442,0.0,0,0.0017622038750677534
441,0.0,0,0.0017622038750677534
1296,0.0,0,0.0017622038750677534
184,0.0,0,0.0017622038750677534
135,0.0,0,0.0017622038750677534
430,0.0,0,0.0017622038750677534
412,0.0,0,0.0017622038750677534
1310,0.0,0,0.0017622038750677534
1399,0.0,0,0.0017622038750677534
372,0.0,0,0.0017622038750677534
980,0.0,0,0.0017622038750677534
907,0.0,0,0.0017622038750677534
158,0.0,0,0.0017622038750677534
340,0.0,0,0.0017622038750677534
831,0.0,0,0.0017622038750677534
1192,0.0,0,0.0017622038750677534
820,0.0,0,0.0017622038750677534
1435,0.0,0,0.0017622038750677534
54,0.0,0,0.0017622038750677534
1052,0.0,0,0.0017622038750677534
1219,0.0,0,0.0017622038750677534
597,0.0,0,0.0017622038750677534
1218,0.0,0,0.0017622038750677534
587,0.0,0,0.0017622038750677534
1263,0.0,0,0.0017622038750677534
771,0.0,0,0.0017622038750677534
782,0.0,0,0.0017622038750677534
552,0.0,0,0.0017622038750677534
1110,0.0,0,0.0017622038750677534
535,0.0,0,0.0017622038750677534
515,0.0,0,0.0017622038750677534
1116,0.0,0,0.0017622038750677534
1043,0.0,0,0.0017622038750677534
805,0.0,0,0.0017622038750677534
1198,0.0,0,0.0017622038750677534
1065,0.0,0,0.0014751318652699813
994,0.0,0,0.0014751318652699813
1132,0.0,0,0.0014751318652699813
1142,0.0,0,0.0014751318652699813
1159,0.0,0,0.0014751318652699813
1025,0.0,0,0.0014751318652699813
1024,0.0,0,0.0014751318652699813
713,0.0,0,0.0014751318652699813
1049,0.0,0,0.0014751318652699813
716,0.0,0,0.0014751318652699813
878,0.0,0,0.0014751318652699813
729,0.0,0,0.0014751318652699813
1163,0.0,0,0.0014751318652699813
808,0.0,0,0.0014751318652699813
1000,0.0,0,0.0014751318652699813
738,0.0,0,0.0014751318652699813
1119,0.0,0,0.0014751318652699813
722,0.0,0,0.0014751318652699813
1005,0.0,0,0.0014751318652699813
784,0.0,0,0.0014751318652699813
922,0.0,0,0.0014751318652699813
1023,0.0,0,0.0014751318652699813
546,0.0,0,0.0014751318652699813
39,0.0,0,0.0014751318652699813
1422,0.0,0,0.0014751318652699813
538,0.0,0,0.0014751318652699813
132,0.0,0,0.0014751318652699813
460,0.0,0,0.0014751318652699813
635,0.0,0,0.0014751318652699813
631,0.0,0,0.0014751318652699813
19,0.0,0,0.0014751318652699813
287,0.0,0,0.0014751318652699813
629,0.0,0,0.0014751318652699813
623,0.0,0,0.0014751318652699813
130,0.0,0,0.0014751318652699813
310,0.0,0,0.0014751318652699813
434,0.0,0,0.0014751318652699813
1424,0.0,0,0.0014751318652699813
30,0.0,0,0.0014751318652699813
414,0.0,0,0.0014751318652699813
590,0.0,0,0.0014751318652699813
566,0.0,0,0.0014751318652699813
394,0.0,0,0.0014751318652699813
1315,0.0,0,0.0014751318652699813
567,0.0,0,0.0014751318652699813
1326,0.0,0,0.0014751318652699813
480,0.0,0,0.0014751318652699813
356,0.0,0,0.0014751318652699813
255,0.0,0,0.0014751318652699813
1370,0.0,0,0.0014751318652699813
1395,0.0,0,0.0014751318652699813
79,0.0,0,0.0014751318652699813
694,0.0,0,0.0014751318652699813
194,0.0,0,0.0014751318652699813
522,0.0,0,0.0014751318652699813
496,0.0,0,0.0014751318652699813
11,0.0,0,0.0014751318652699813
1238,0.0,0,0.0014751318652699813
225,0.0,0,0.0014751318652699813
1371,0.0,0,0.0014751318652699813
222,0.0,0,0.0014751318652699813
528,0.0,0,0.0014751318652699813
1366,0.0,0,0.0014751318652699813
1363,0.0,0,0.0014751318652699813
1036,0.0,0,0.0012347675053254344
459,0.0,0,0.0012347675053254344
484,0.0,0,0.0012347675053254344
1432,0.0,0,0.0012347675053254344
1322,0.0,0,0.0012347675053254344
1188,0.0,0,0.0012347675053254344
508,0.0,0,0.0012347675053254344
500,0.0,0,0.0012347675053254344
1176,0.0,0,0.0012347675053254344
1311,0.0,0,0.0012347675053254344
402,0.0,0,0.0012347675053254344
1019,0.0,0,0.0012347675053254344
1290,0.0,0,0.0012347675053254344
1121,0.0,0,0.0012347675053254344
423,0.0,0,0.0012347675053254344
92,0.0,0,0.0012347675053254344
431,0.0,0,0.0012347675053254344
1031,0.0,0,0.0012347675053254344
483,0.0,0,0.0012347675053254344
843,0.0,0,0.0012347675053254344
317,0.0,0,0.0012347675053254344
357,0.0,0,0.0012347675053254344
232,0.0,0,0.0012347675053254344
271,0.0,0,0.0012347675053254344
133,0.0,0,0.0012347675053254344
1124,0.0,0,0.0012347675053254344
139,0.0,0,0.0012347675053254344
944,0.0,0,0.0012347675053254344
147,0.0,0,0.0012347675053254344
956,0.0,0,0.0012347675053254344
339,0.0,0,0.0012347675053254344
217,0.0,0,0.0012347675053254344
197,0.0,0,0.0012347675053254344
971,0.0,0,0.0012347675053254344
192,0.0,0,0.0012347675053254344
190,0.0,0,0.0012347675053254344
1393,0.0,0,0.0012347675053254344
1143,0.0,0,0.0012347675053254344
272,0.0,0,0.0012347675053254344
1007,0.0,0,0.0012347675053254344
278,0.0,0,0.0012347675053254344
924,0.0,0,0.0012347675053254344
302,0.0,0,0.0012347675053254344
311,0.0,0,0.0012347675053254344
313,0.0,0,0.0012347675053254344
1149,0.0,0,0.0012347675053254344
1446,0.0,0,0.0012347675053254344
119,0.0,0,0.0012347675053254344
1340,0.0,0,0.0012347675053254344
1338,0.0,0,0.0012347675053254344
328,0.0,0,0.0012347675053254344
1334,0.0,0,0.0012347675053254344
1014,0.0,0,0.0012347675053254344
338,0.0,0,0.0012347675053254344
1443,0.0,0,0.0012347675053254344
162,0.0,0,0.0012347675053254344
770,0.0,0,0.0012347675053254344
1209,0.0,0,0.0012347675053254344
1225,0.0,0,0.0012347675053254344
1213,0.0,0,0.0012347675053254344
1062,0.0,0,0.0012347675053254344
800,0.0,0,0.0012347675053254344
618,0.0,0,0.0012347675053254344
753,0.0,0,0.0012347675053254344
720,0.0,0,0.0012347675053254344
695,0.0,0,0.0012347675053254344
38,0.0,0,0.0012347675053254344
585,0.0,0,0.0012347675053254344
615,0.0,0,0.0012347675053254344
1269,0.0,0,0.0012347675053254344
28,0.0,0,0.0012347675053254344
1096,0.0,0,0.0012347675053254344
554,0.0,0,0.0012347675053254344
678,0.0,0,0.0012347675053254344
659,0.0,0,0.0012347675053254344
1089,0.0,0,0.0012347675053254344
669,0.0,0,0.0012347675053254344
14,0.0,0,0.0012347675053254344
1102,0.0,0,0.0012347675053254344
1082,0.0,0,0.0012347675053254344
5,0.0,0,0.0012347675053254344
1088,0.0,0,0.0012347675053254344
655,0.0,0,0.0012347675053254344
563,0.0,0,0.0012347675053254344
708,0.0,0,0.0012347675053254344
1231,0.0,0,0.0012347675053254344
1265,0.0,0,0.0012347675053254344
1324,0.0,0,0.0010335286137779325
360,0.0,0,0.0010335286137779325
1154,0.0,0,0.0010335286137779325
595,0.0,0,0.0010335286137779325
962,0.0,0,0.0010335286137779325
1336,0.0,0,0.0010335286137779325
572,0.0,0,0.0010335286137779325
517,0.0,0,0.0010335286137779325
31,0.0,0,0.0010335286137779325
1090,0.0,0,0.0010335286137779325
1339,0.0,0,0.0010335286137779325
577,0.0,0,0.0010335286137779325
1223,0.0,0,0.0010335286137779325
761,0.0,0,0.0010335286137779325
740,0.0,0,0.0010335286137779325
1086,0.0,0,0.0010335286137779325
996,0.0,0,0.0010335286137779325
666,0.0,0,0.0010335286137779325
940,0.0,0,0.0010335286137779325
721,0.0,0,0.0010335286137779325
1355,0.0,0,0.0010335286137779325
638,0.0,0,0.0010335286137779325
636,0.0,0,0.0010335286137779325
150,0.0,0,0.0010335286137779325
633,0.0,0,0.0010335286137779325
1350,0.0,0,0.0010335286137779325
1423,0.0,0,0.0010335286137779325
295,0.0,0,0.0010335286137779325
915,0.0,0,0.0010335286137779325
1462,0.0,0,0.0010335286137779325
26,0.0,0,0.0010335286137779325
1267,0.0,0,0.0010335286137779325
391,0.0,0,0.0010335286137779325
151,0.0,0,0.0010335286137779325
468,0.0,0,0.0010335286137779325
1063,0.0,0,0.0010335286137779325
1035,0.0,0,0.0010335286137779325
803,0.0,0,0.0010335286137779325
844,0.0,0,0.0010335286137779325
157,0.0,0,0.0010335286137779325
1199,0.0,0,0.0010335286137779325
841,0.0,0,0.0010335286137779325
1060,0.0,0,0.0010335286137779325
495,0.0,0,0.0010335286137779325
1277,0.0,0,0.0010335286137779325
1288,0.0,0,0.0010335286137779325
696,0.0,0,0.0010335286137779325
186,0.0,0,0.0010335286137779325
977,0.0,0,0.0010335286137779325
507,0.0,0,0.0010335286137779325
86,0.0,0,0.0010335286137779325
827,0.0,0,0.0010335286137779325
153,0.0,0,0.0010335286137779325
813,0.0,0,0.0010335286137779325
1437,0.0,0,0.0010335286137779325
509,0.0,0,0.0010335286137779325
60,0.0,0,0.0010335286137779325
513,0.0,0,0.0010335286137779325
116,0.0,0,0.0010335286137779325
471,0.0,0,0.0010335286137779325
1202,0.0,0,0.0010335286137779325
1105,0.0,0,0.0010335286137779325
778,0.0,0,0.0010335286137779325
673,0.0,0,0.0010335286137779325
1208,0.0,0,0.0010335286137779325
9,0.0,0,0.0010335286137779325
1307,0.0,0,0.0010335286137779325
407,0.0,0,0.0010335286137779325
1305,0.0,0,0.0010335286137779325
1304,0.0,0,0.0010335286137779325
115,0.0,0,0.0010335286137779325
1232,0.0,0,0.0010335286137779325
950,0.0,0,0.0010335286137779325
553,0.0,0,0.0010335286137779325
1205,0.0,0,0.0010335286137779325
1299,0.0,0,0.0010335286137779325
436,0.0,0,0.0010335286137779325
1027,0.0,0,0.0010335286137779325
444,0.0,0,0.0010335286137779325
712,0.0,0,0.0010335286137779325
100,0.0,0,0.0010335286137779325
458,0.0,0,0.0010335286137779325
37,0.0,0,0.0010335286137779325
1413,0.0,0,0.000865058656970697
989,0.0,0,0.000865058656970697
984,0.0,0,0.000865058656970697
986,0.0,0,0.000865058656970697
63,0.0,0,0.000865058656970697
1085,0.0,0,0.000865058656970697
16,0.0,0,0.000865058656970697
73,0.0,0,0.000865058656970697
56,0.0,0,0.000865058656970697
1042,0.0,0,0.000865058656970697
1040,0.0,0,0.000865058656970697
1111,0.0,0,0.000865058656970697
1452,0.0,0,0.000865058656970697
89,0.0,0,0.000865058656970697
1457,0.0,0,0.000865058656970697
97,0.0,0,0.000865058656970697
108,0.0,0,0.000865058656970697
109,0.0,0,0.000865058656970697
33,0.0,0,0.000865058656970697
1022,0.0,0,0.000865058656970697
1017,0.0,0,0.000865058656970697
1071,0.0,0,0.000865058656970697
117,0.0,0,0.000865058656970697
1013,0.0,0,0.000865058656970697
1073,0.0,0,0.000865058656970697
120,0.0,0,0.000865058656970697
1079,0.0,0,0.000865058656970697
17,0.0,0,0.000865058656970697
1004,0.0,0,0.000865058656970697
136,0.0,0,0.000865058656970697
1158,0.0,0,0.000865058656970697
1099,0.0,0,0.000865058656970697
446,0.0,0,0.000865058656970697
1194,0.0,0,0.000865058656970697
824,0.0,0,0.000865058656970697
661,0.0,0,0.000865058656970697
503,0.0,0,0.000865058656970697
663,0.0,0,0.000865058656970697
1245,0.0,0,0.000865058656970697
501,0.0,0,0.000865058656970697
1182,0.0,0,0.000865058656970697
488,0.0,0,0.000865058656970697
476,0.0,0,0.000865058656970697
473,0.0,0,0.000865058656970697
461,0.0,0,0.000865058656970697
855,0.0,0,0.000865058656970697
856,0.0,0,0.000865058656970697
448,0.0,0,0.000865058656970697
1244,0.0,0,0.000865058656970697
644,0.0,0,0.000865058656970697
1195,0.0,0,0.000865058656970697
443,0.0,0,0.000865058656970697
1282,0.0,0,0.000865058656970697
582,0.0,0,0.000865058656970697
785,0.0,0,0.000865058656970697
793,0.0,0,0.000865058656970697
540,0.0,0,0.000865058656970697
1270,0.0,0,0.000865058656970697
801,0.0,0,0.000865058656970697
533,0.0,0,0.000865058656970697
531,0.0,0,0.000865058656970697
609,0.0,0,0.000865058656970697
1253,0.0,0,0.000865058656970697
811,0.0,0,0.000865058656970697
812,0.0,0,0.000865058656970697
758,0.0,0,0.000865058656970697
1251,0.0,0,0.000865058656970697
746,0.0,0,0.000865058656970697
571,0.0,0,0.000865058656970697
555,0.0,0,0.000865058656970697
868,0.0,0,0.000865058656970697
1144,0.0,0,0.000865058656970697
266,0.0,0,0.000865058656970697
263,0.0,0,0.000865058656970697
262,0.0,0,0.000865058656970697
257,0.0,0,0.000865058656970697
251,0.0,0,0.000865058656970697
250,0.0,0,0.000865058656970697
693,0.0,0,0.000865058656970697
1235,0.0,0,0.000865058656970697
233,0.0,0,0.000865058656970697
955,0.0,0,0.000865058656970697
226,0.0,0,0.000865058656970697
964,0.0,0,0.000865058656970697
211,0.0,0,0.000865058656970697
195,0.0,0,0.000865058656970697
175,0.0,0,0.000865058656970697
1242,0.0,0,0.000865058656970697
935,0.0,0,0.000865058656970697
277,0.0,0,0.000865058656970697
1236,0.0,0,0.000865058656970697
675,0.0,0,0.000865058656970697
677,0.0,0,0.000865058656970697
368,0.0,0,0.000865058656970697
364,0.0,0,0.000865058656970697
686,0.0,0,0.000865058656970697
1323,0.0,0,0.000865058656970697
1328,0.0,0,0.000865058656970697
336,0.0,0,0.000865058656970697
319,0.0,0,0.000865058656970697
316,0.0,0,0.000865058656970697
913,0.0,0,0.000865058656970697
1348,0.0,0,0.000865058656970697
293,0.0,0,0.000865058656970697
1246,0.0,0,0.0007240301809236303
1255,0.0,0,0.0007240301809236303
1467,0.0,0,0.0007240301809236303
1222,0.0,0,0.0007240301809236303
1410,0.0,0,0.0007240301809236303
1433,0.0,0,0.0007240301809236303
1460,0.0,0,0.0007240301809236303
1185,0.0,0,0.0007240301809236303
1415,0.0,0,0.0007240301809236303
1416,0.0,0,0.0007240301809236303
1421,0.0,0,0.0007240301809236303
1234,0.0,0,0.0007240301809236303
1122,0.0,0,0.0007240301809236303
1317,0.0,0,0.0007240301809236303
1302,0.0,0,0.0007240301809236303
1301,0.0,0,0.0007240301809236303
1428,0.0,0,0.0007240301809236303
1404,0.0,0,0.0007240301809236303
1273,0.0,0,0.0007240301809236303
1186,0.0,0,0.0007240301809236303
1438,0.0,0,0.0007240301809236303
1283,0.0,0,0.0007240301809236303
1279,0.0,0,0.0007240301809236303
1278,0.0,0,0.0007240301809236303
1450,0.0,0,0.0007240301809236303
1451,0.0,0,0.0007240301809236303
1454,0.0,0,0.0007240301809236303
1455,0.0,0,0.0007240301809236303
1233,0.0,0,0.0007240301809236303
1469,0.0,0,0.0007240301809236303
592,0.0,0,0.0007240301809236303
433,0.0,0,0.0007240301809236303
329,0.0,0,0.0007240301809236303
741,0.0,0,0.0007240301809236303
321,0.0,0,0.0007240301809236303
839,0.0,0,0.0007240301809236303
106,0.0,0,0.0007240301809236303
314,0.0,0,0.0007240301809236303
845,0.0,0,0.0007240301809236303
846,0.0,0,0.0007240301809236303
854,0.0,0,0.0007240301809236303
312,0.0,0,0.0007240301809236303
300,0.0,0,0.0007240301809236303
735,0.0,0,0.0007240301809236303
859,0.0,0,0.0007240301809236303
867,0.0,0,0.0007240301809236303
294,0.0,0,0.0007240301809236303
727,0.0,0,0.0007240301809236303
275,0.0,0,0.0007240301809236303
899,0.0,0,0.0007240301809236303
264,0.0,0,0.0007240301809236303
330,0.0,0,0.0007240301809236303
828,0.0,0,0.0007240301809236303
44,0.0,0,0.0007240301809236303
432,0.0,0,0.0007240301809236303
773,0.0,0,0.0007240301809236303
405,0.0,0,0.0007240301809236303
401,0.0,0,0.0007240301809236303
400,0.0,0,0.0007240301809236303
393,0.0,0,0.0007240301809236303
789,0.0,0,0.0007240301809236303
387,0.0,0,0.0007240301809236303
379,0.0,0,0.0007240301809236303
763,0.0,0,0.0007240301809236303
369,0.0,0,0.0007240301809236303
804,0.0,0,0.0007240301809236303
810,0.0,0,0.0007240301809236303
816,0.0,0,0.0007240301809236303
818,0.0,0,0.0007240301809236303
367,0.0,0,0.0007240301809236303
822,0.0,0,0.0007240301809236303
363,0.0,0,0.0007240301809236303
91,0.0,0,0.0007240301809236303
353,0.0,0,0.0007240301809236303
259,0.0,0,0.0007240301809236303
704,0.0,0,0.0007240301809236303
700,0.0,0,0.0007240301809236303
534,0.0,0,0.0007240301809236303
978,0.0,0,0.0007240301809236303
71,0.0,0,0.0007240301809236303
66,0.0,0,0.0007240301809236303
210,0.0,0,0.0007240301809236303
988,0.0,0,0.0007240301809236303
910,0.0,0,0.0007240301809236303
1046,0.0,0,0.0007240301809236303
206,0.0,0,0.0007240301809236303
547,0.0,0,0.0007240301809236303
18,0.0,0,0.0007240301809236303
1002,0.0,0,0.0007240301809236303
61,0.0,0,0.0007240301809236303
539,0.0,0,0.0007240301809236303
170,0.0,0,0.0007240301809236303
118,0.0,0,0.0007240301809236303
51,0.0,0,0.0007240301809236303
1055,0.0,0,0.0007240301809236303
1056,0.0,0,0.0007240301809236303
676,0.0,0,0.0007240301809236303
576,0.0,0,0.0007240301809236303
603,0.0,0,0.0007240301809236303
137,0.0,0,0.0007240301809236303
58,0.0,0,0.0007240301809236303
688,0.0,0,0.0007240301809236303
1075,0.0,0,0.0007240301809236303
20,0.0,0,0.0007240301809236303
241,0.0,0,0.0007240301809236303
239,0.0,0,0.0007240301809236303
78,0.0,0,0.0007240301809236303
237,0.0,0,0.0007240301809236303
936,0.0,0,0.0007240301809236303
608,0.0,0,0.0007240301809236303
683,0.0,0,0.0007240301809236303
938,0.0,0,0.0007240301809236303
961,0.0,0,0.0007240301809236303
174,0.0,0,0.0007240301809236303
573,0.0,0,0.0006059793008116443
438,0.0,0,0.0006059793008116443
419,0.0,0,0.0006059793008116443
542,0.0,0,0.0006059793008116443
435,0.0,0,0.0006059793008116443
447,0.0,0,0.0006059793008116443
516,0.0,0,0.0006059793008116443
514,0.0,0,0.0006059793008116443
453,0.0,0,0.0006059793008116443
463,0.0,0,0.0006059793008116443
85,0.0,0,0.0006059793008116443
1303,0.0,0,0.0006059793008116443
80,0.0,0,0.0006059793008116443
1434,0.0,0,0.0006059793008116443
95,0.0,0,0.0006059793008116443
416,0.0,0,0.0006059793008116443
200,0.0,0,0.0006059793008116443
1378,0.0,0,0.0006059793008116443
1381,0.0,0,0.0006059793008116443
1382,0.0,0,0.0006059793008116443
1426,0.0,0,0.0006059793008116443
213,0.0,0,0.0006059793008116443
207,0.0,0,0.0006059793008116443
1389,0.0,0,0.0006059793008116443
187,0.0,0,0.0006059793008116443
1368,0.0,0,0.0006059793008116443
178,0.0,0,0.0006059793008116443
1403,0.0,0,0.0006059793008116443
168,0.0,0,0.0006059793008116443
166,0.0,0,0.0006059793008116443
156,0.0,0,0.0006059793008116443
148,0.0,0,0.0006059793008116443
1419,0.0,0,0.0006059793008116443
111,0.0,0,0.0006059793008116443
244,0.0,0,0.0006059793008116443
406,0.0,0,0.0006059793008116443
320,0.0,0,0.0006059793008116443
374,0.0,0,0.0006059793008116443
365,0.0,0,0.0006059793008116443
351,0.0,0,0.0006059793008116443
1430,0.0,0,0.0006059793008116443
345,0.0,0,0.0006059793008116443
1332,0.0,0,0.0006059793008116443
1259,0.0,0,0.0006059793008116443
1345,0.0,0,0.0006059793008116443
246,0.0,0,0.0006059793008116443
296,0.0,0,0.0006059793008116443
291,0.0,0,0.0006059793008116443
283,0.0,0,0.0006059793008116443
274,0.0,0,0.0006059793008116443
265,0.0,0,0.0006059793008116443
256,0.0,0,0.0006059793008116443
247,0.0,0,0.0006059793008116443
599,0.0,0,0.0006059793008116443
737,0.0,0,0.0006059793008116443
842,0.0,0,0.0006059793008116443
832,0.0,0,0.0006059793008116443
858,0.0,0,0.0006059793008116443
1174,0.0,0,0.0006059793008116443
1461,0.0,0,0.0006059793008116443
1257,0.0,0,0.0006059793008116443
1180,0.0,0,0.0006059793008116443
835,0.0,0,0.0006059793008116443
1183,0.0,0,0.0006059793008116443
36,0.0,0,0.0006059793008116443
1216,0.0,0,0.0006059793008116443
825,0.0,0,0.0006059793008116443
1193,0.0,0,0.0006059793008116443
42,0.0,0,0.0006059793008116443
783,0.0,0,0.0006059793008116443
779,0.0,0,0.0006059793008116443
769,0.0,0,0.0006059793008116443
768,0.0,0,0.0006059793008116443
874,0.0,0,0.0006059793008116443
881,0.0,0,0.0006059793008116443
889,0.0,0,0.0006059793008116443
901,0.0,0,0.0006059793008116443
1092,0.0,0,0.0006059793008116443
1083,0.0,0,0.0006059793008116443
1067,0.0,0,0.0006059793008116443
1112,0.0,0,0.0006059793008116443
1113,0.0,0,0.0006059793008116443
1037,0.0,0,0.0006059793008116443
1018,0.0,0,0.0006059793008116443
993,0.0,0,0.0006059793008116443
981,0.0,0,0.0006059793008116443
968,0.0,0,0.0006059793008116443
1136,0.0,0,0.0006059793008116443
937,0.0,0,0.0006059793008116443
934,0.0,0,0.0006059793008116443
912,0.0,0,0.0006059793008116443
909,0.0,0,0.0006059793008116443
767,0.0,0,0.0006059793008116443
141,0.0,0,0.0006059793008116443
679,0.0,0,0.0006059793008116443
634,0.0,0,0.0006059793008116443
611,0.0,0,0.0006059793008116443
630,0.0,0,0.0006059793008116443
674,0.0,0,0.0006059793008116443
715,0.0,0,0.0006059793008116443
49,0.0,0,0.0006059793008116443
617,0.0,0,0.0006059793008116443
710,0.0,0,0.0006059793008116443
632,0.0,0,0.0006059793008116443
1220,0.0,0,0.0006059793008116443
657,0.0,0,0.0006059793008116443
747,0.0,0,0.0006059793008116443
46,0.0,0,0.0006059793008116443
754,0.0,0,0.0006059793008116443
670,0.0,0,0.0006059793008116443
606,0.0,0,0.0006059793008116443
205,0.0,0,0.0005071664824045736
1127,0.0,0,0.0005071664824045736
985,0.0,0,0.0005071664824045736
983,0.0,0,0.0005071664824045736
762,0.0,0,0.0005071664824045736
1137,0.0,0,0.0005071664824045736
1271,0.0,0,0.0005071664824045736
1391,0.0,0,0.0005071664824045736
1375,0.0,0,0.0005071664824045736
1374,0.0,0,0.0005071664824045736
1373,0.0,0,0.0005071664824045736
221,0.0,0,0.0005071664824045736
230,0.0,0,0.0005071664824045736
927,0.0,0,0.0005071664824045736
570,0.0,0,0.0005071664824045736
1028,0.0,0,0.0005071664824045736
191,0.0,0,0.0005071664824045736
1039,0.0,0,0.0005071664824045736
1091,0.0,0,0.0005071664824045736
142,0.0,0,0.0005071664824045736
143,0.0,0,0.0005071664824045736
145,0.0,0,0.0005071664824045736
138,0.0,0,0.0005071664824045736
149,0.0,0,0.0005071664824045736
1411,0.0,0,0.0005071664824045736
1070,0.0,0,0.0005071664824045736
131,0.0,0,0.0005071664824045736
59,0.0,0,0.0005071664824045736
1264,0.0,0,0.0005071664824045736
1026,0.0,0,0.0005071664824045736
128,0.0,0,0.0005071664824045736
171,0.0,0,0.0005071664824045736
1402,0.0,0,0.0005071664824045736
613,0.0,0,0.0005071664824045736
177,0.0,0,0.0005071664824045736
1030,0.0,0,0.0005071664824045736
179,0.0,0,0.0005071664824045736
1396,0.0,0,0.0005071664824045736
181,0.0,0,0.0005071664824045736
925,0.0,0,0.0005071664824045736
1145,0.0,0,0.0005071664824045736
904,0.0,0,0.0005071664824045736
331,0.0,0,0.0005071664824045736
498,0.0,0,0.0005071664824045736
84,0.0,0,0.0005071664824045736
1331,0.0,0,0.0005071664824045736
334,0.0,0,0.0005071664824045736
344,0.0,0,0.0005071664824045736
834,0.0,0,0.0005071664824045736
474,0.0,0,0.0005071664824045736
469,0.0,0,0.0005071664824045736
823,0.0,0,0.0005071664824045736
1191,0.0,0,0.0005071664824045736
821,0.0,0,0.0005071664824045736
1201,0.0,0,0.0005071664824045736
1319,0.0,0,0.0005071664824045736
370,0.0,0,0.0005071664824045736
796,0.0,0,0.0005071664824045736
1459,0.0,0,0.0005071664824045736
381,0.0,0,0.0005071664824045736
790,0.0,0,0.0005071664824045736
1228,0.0,0,0.0005071664824045736
736,0.0,0,0.0005071664824045736
1275,0.0,0,0.0005071664824045736
691,0.0,0,0.0005071664824045736
77,0.0,0,0.0005071664824045736
1337,0.0,0,0.0005071664824045736
253,0.0,0,0.0005071664824045736
68,0.0,0,0.0005071664824045736
1157,0.0,0,0.0005071664824045736
23,0.0,0,0.0005071664824045736
1160,0.0,0,0.0005071664824045736
525,0.0,0,0.0005071664824045736
282,0.0,0,0.0005071664824045736
285,0.0,0,0.0005071664824045736
1164,0.0,0,0.0005071664824045736
777,0.0,0,0.0005071664824045736
298,0.0,0,0.0005071664824045736
1168,0.0,0,0.0005071664824045736
857,0.0,0,0.0005071664824045736
1344,0.0,0,0.0005071664824045736
1170,0.0,0,0.0005071664824045736
1095,0.0,0,0.0005071664824045736
755,0.0,0,0.0005071664824045736
836,0.0,0,0.0005071664824045736
1179,0.0,0,0.0005071664824045736
88,0.0,0,0.00042445953781864647
22,0.0,0,0.00042445953781864647
10,0.0,0,0.00042445953781864647
57,0.0,0,0.00042445953781864647
1098,0.0,0,0.00042445953781864647
1418,0.0,0,0.00042445953781864647
787,0.0,0,0.00042445953781864647
578,0.0,0,0.00042445953781864647
598,0.0,0,0.00042445953781864647
1258,0.0,0,0.00042445953781864647
621,0.0,0,0.00042445953781864647
672,0.0,0,0.00042445953781864647
684,0.0,0,0.00042445953781864647
702,0.0,0,0.00042445953781864647
1203,0.0,0,0.00042445953781864647
163,0.0,0,0.00042445953781864647
826,0.0,0,0.00042445953781864647
1175,0.0,0,0.00042445953781864647
895,0.0,0,0.00042445953781864647
914,0.0,0,0.00042445953781864647
919,0.0,0,0.00042445953781864647
997,0.0,0,0.00042445953781864647
1010,0.0,0,0.00042445953781864647
1272,0.0,0,0.00042445953781864647
529,0.0,0,0.00042445953781864647
526,0.0,0,0.00042445953781864647
519,0.0,0,0.00042445953781864647
1405,0.0,0,0.00042445953781864647
182,0.0,0,0.00042445953781864647
219,0.0,0,0.00042445953781864647
231,0.0,0,0.00042445953781864647
1341,0.0,0,0.00042445953781864647
325,0.0,0,0.00042445953781864647
349,0.0,0,0.00042445953781864647
358,0.0,0,0.00042445953781864647
411,0.0,0,0.00042445953781864647
418,0.0,0,0.00042445953781864647
492,0.0,0,0.00042445953781864647
493,0.0,0,0.00042445953781864647
1286,0.0,0,0.00042445953781864647
510,0.0,0,0.00042445953781864647
1281,0.0,0,0.00042445953781864647
512,0.0,0,0.00042445953781864647
